id,winner_model_a,winner_model_b,winner_tie
136060,0.3290244709741699,0.19727675403187864,0.4736987749939514
211333,0.3858017069464032,0.42397692264034675,0.19022137041325007
1233961,0.2686884515183729,0.4451046237296378,0.2862069247519893
