id,winner_model_a,winner_model_b,winner_tie
136060,0.338060381820376,0.3454667702879514,0.3164728478916726
211333,0.4313883316649843,0.25696910361038533,0.3116425647246304
1233961,0.4195574073393018,0.271095381810078,0.3093472108506202
