id,winner_model_a,winner_model_b,winner_tie
136060,0.26627392,0.30799627,0.42572975
211333,0.2860295,0.30823797,0.4057325
1233961,0.27634683,0.31359723,0.4100559
