id,winner_model_a,winner_model_b,winner_tie
136060,0.24177411,0.47216743,0.2860585
211333,0.36806074,0.33952045,0.29241884
1233961,0.34432733,0.3548788,0.30079383
